a beautiful,10,positive
a beautifully,,positive
a beloved,10,positive
a best,,positive
a better,43,positive
a blazing,,positive
a blockbuster,,positive
a bold,10,positive
a brilliant,10,positive
a captivating,,positive
a classic,10,positive
a clever,9,positive
a compelling,9,positive
a complete,50,positive
a cool,9,positive
a cute,10,positive
a fair,,positive
a fantastic,10,positive
a flawless,,positive
a fresh,24,positive
a fun,60,positive
a funny,28,positive
a genuine,,positive
a genuinely,15,positive
a gleefully,,positive
a glorious,,positive
a good,351,positive
a happy,20,positive
a hilarious,14,positive
a legitimate,,positive
a masterclass,,positive
a masterpiece,,positive
a mesmerizing,,positive
a milestone,,positive
a miracle,,positive
a mustsee,,positive
a neat,15,positive
a nice,43,positive
a original,,positive
a perfect,54,positive
a perfectly,10,positive
a phenomenal,,positive
a power,15,positive
a powerful,10,positive
a promising,22,positive
a riproaring,,positive
a rousing,,positive
a serious,15,positive
a simple,10,positive
a special,,positive
a spectacle,,positive
a spectacular,,positive
a strong,33,positive
a stunning,,positive
a surprise,19,positive
a surreal,,positive
a terrific,10,positive
a thrill,,positive
a thriller,9,positive
a thrilling,,positive
a towering,,positive
a treat,13,positive
a tremendous,10,positive
a unique,,positive
a visionary,,positive
a wonderful,,positive
a wonderfully,,positive
a worthwhile,,positive
a worthy,,positive
absolutely flawless,16,positive
absolutely hilarious,8,positive
absolutely incredible,,positive
absolutely love,15,positive
absolutely stunning,,positive
action blockbuster,,positive
action extravaganza,,positive
action great,,positive
action masterpiece,,positive
action packed,,positive
action thrill,,positive
action thriller,,positive
actionpacked movie,,positive
actually funny,14,positive
actually pretty,10,positive
adrenaline filled,,positive
adrenaline rush,,positive
adrenalized fun,,positive
alltime great,,positive
almost perfect,,positive
almost unrecognizable,,positive
also pretty,15,positive
always nice,10,positive
amazed at,,positive
amazing action,,positive
amazing and,,positive
amazing but,,positive
amazing film,,positive
amazing i,10,positive
amazing in,,positive
amazing it,,positive
amazing movie,8,positive
amazing stunts,,positive
amazing visuals,,positive
amusing a,20,positive
an achievement,,positive
an adrenaline,,positive
an adrenalinefueled,,positive
an amazing,10,positive
an awesome,,positive
an electric,,positive
an engaging,,positive
an enjoyable,24,positive
an entertaining,9,positive
an excellent,25,positive
an excitement,,positive
an exhilarating,,positive
an experience,,positive
an immersive,,positive
an impressive,,positive
an incredible,,positive
an incredibly,20,positive
an intense,,positive
an original,9,positive
and amazing,,positive
and awesome,,positive
and beautifully,,positive
and best,,positive
and compelling,,positive
and creative,,positive
and dazzling,,positive
and deserves,,positive
and entertaining,45,positive
and excellent,,positive
and exciting,,positive
and fantastic,,positive
and fast,,positive
and glorious,,positive
and good,20,positive
and gorgeous,,positive
and grandscale,,positive
and great,,positive
and gritty,,positive
and imaginative,,positive
and immersive,,positive
and intense,,positive
and interesting,9,positive
and jaw,,positive
and loved,9,positive
and memorable,,positive
and original,,positive
and outstanding,,positive
and packed,,positive
and radical,,positive
and satisfying,10,positive
and special,,positive
and stunning,,positive
and sweet,10,positive
and thrilling,,positive
and ultimate,,positive
and uncompromising,,positive
and wonderful,,positive
appreciate the,10,positive
are amazing,,positive
are breathtaking,,positive
are fantastic,,positive
are good,10,positive
are incredible,,positive
are outstanding,,positive
are perfect,,positive
are perfectly,,positive
are pretty,,positive
are solid,,positive
are wonderful,,positive
artistic and,,positive
as exciting,,positive
as fun,75,positive
as funny,54,positive
as good,74,positive
as great,39,positive
as greta,10,positive
as happy,9,positive
as impressive,,positive
as satisfying,10,positive
as unique,,positive
astonishing action,,positive
audacious and,,positive
audience laughed,10,positive
award winning,,positive
awe and,,positive
awesome  ,,positive
awesome action,,positive
awesome and,8,positive
awesome characters,,positive
awesome i,,positive
awesome movie,,positive
awesome the,,positive
awesome visuals,,positive
be honest,22,positive
be surprised,,positive
beautiful and,15,positive
beautiful cinematic,,positive
beautiful cinematography,,positive
beautifully filmed,9,positive
beautifully shot,10,positive
best action,,positive
best and,,positive
best character,,positive
best effort,10,positive
best ever,,positive
best films,,positive
best ive,,positive
best moment,,positive
best movie,31,positive
best movies,,positive
best part,15,positive
best performance,,positive
beyond anything,,positive
blockbuster of,,positive
blockbuster that,,positive
blockbusters the,,positive
blockbusters to,,positive
blockbusters which,,positive
blown away,,positive
bold idea,10,positive
breathtaking action,,positive
bright spot,14,positive
brilliant and,14,positive
brilliant in,,positive
brilliantly orchestrated,,positive
brimming with,,positive
can enjoy,,positive
characters great,,positive
cinematic masterpiece,,positive
compelling characters,,positive
compelling story,,positive
completely new,,positive
convincing performance,10,positive
critically acclaimed,,positive
cult classic,,positive
dazzling and,,positive
decent story,,positive
does well,19,positive
dropdead stunning,,positive
elevates the,,positive
engaging character,,positive
engaging characters,,positive
engrossing and,,positive
enjoy an,10,positive
enjoy it,20,positive
enjoy the,10,positive
enjoy this,32,positive
enjoy watching,9,positive
enjoyable and,9,positive
enjoyable film,,positive
enjoyable movie,14,positive
enjoyed by,10,positive
enjoyed every,,positive
enjoyed it,24,positive
enjoyed my,15,positive
enjoyed the,51,positive
enjoyed this,55,positive
enjoyed watching,10,positive
entertain the,10,positive
entertained the,15,positive
entertaining action,,positive
entertaining and,29,positive
entertaining enough,10,positive
entertaining film,,positive
entertaining movie,14,positive
entertainment  ,,positive
entertainment and,,positive
enthralled at,,positive
enthralling action,,positive
epic action,,positive
epic an,,positive
epic and,,positive
epic scale,,positive
epic that,,positive
epitome of,,positive
excellent action,,positive
excellent movie,,positive
excellent performances,,positive
excited about,10,positive
exciting  ,,positive
exciting action,,positive
exhausting  ,,positive
exhilarating  ,,positive
exhilarating action,,positive
exhilarating and,,positive
extremely entertaining,,positive
extremely well,,positive
fantastic a,,positive
fantastic action,,positive
fantastic and,,positive
fantastic film,,positive
fantastic in,,positive
fantastic movie,9,positive
fantastic performance,,positive
far superior,,positive
fast moving,,positive
fast paced,,positive
fastpaced and,,positive
favorite action,,positive
favorite film,,positive
favorite films,,positive
favorite movie,,positive
favorite thing,,positive
feel good,20,positive
film excels,,positive
flawless  ,18,positive
friendly comedy,10,positive
fun crazy,,positive
fun energy,,positive
fun exhilarating,,positive
fun movie,9,positive
fun watch,,positive
funny moments,25,positive
genuinely funny,25,positive
get absorbed,,positive
get better,,positive
glorious and,,positive
glorious symphonic,,positive
good action,,positive
good and,40,positive
good cast,9,positive
good character,10,positive
good characters,,positive
good chemistry,10,positive
good comedy,13,positive
good concept,9,positive
good ending,9,positive
good film,13,positive
good for,28,positive
good fun,10,positive
good reviews,,positive
good time,15,positive
good together,10,positive
good twist,10,positive
gorgeous a,,positive
gorgeous and,,positive
gorgeous cinematography,,positive
gorgeous to,,positive
grand and,,positive
grand scale,,positive
grandscale spectacle,,positive
great acting,,positive
great actor,10,positive
great actors,,positive
great adventure,,positive
great aesthetic,,positive
great and,24,positive
great as,10,positive
great cast,10,positive
great character,,positive
great cinematography,,positive
great comedic,10,positive
great comedy,9,positive
great deal,10,positive
great effects,,positive
great experience,,positive
great film,13,positive
great films,,positive
great fun,9,positive
great job,20,positive
great movie,49,positive
great one,,positive
great performance,15,positive
great performances,10,positive
great plot,10,positive
great premise,8,positive
great time,24,positive
greatest action,,positive
greatest film,,positive
have good,10,positive
have great,10,positive
heart pounding,,positive
heart racing,,positive
high energy,,positive
high octane,,positive
high point,,positive
high rating,,positive
high speed,,positive
high spirits,,positive
higher rating,,positive
highest order,,positive
highly entertaining,,positive
highly rated,,positive
highly recommend,15,positive
highly recommended,,positive
hilarious moments,10,positive
his masterpiece,,positive
hollywood blockbusters,,positive
how beautiful,,positive
how good,15,positive
hugely enjoyable,,positive
i admired,10,positive
i adored,,positive
i appreciate,,positive
i enjoy,79,positive
i enjoyed,71,positive
i laughed,54,positive
i like,93,positive
i liked,67,positive
i love,129,positive
i loved,45,positive
i recommend,19,positive
impressed with,,positive
impressive and,,positive
impressive as,,positive
impressive but,,positive
impressive i,,positive
impressive stunt,,positive
impressive with,,positive
incredible action,,positive
incredible and,,positive
incredible as,,positive
incredible production,,positive
incredible ride,,positive
incredibly funny,10,positive
incredibly well,,positive
innovative and,,positive
instant classic,,positive
intense thrilling,,positive
interested me,10,positive
interesting and,20,positive
interesting character,,positive
interesting plot,,positive
is amazing,,positive
is awesome,9,positive
is beautiful,,positive
is beautifully,,positive
is best,24,positive
is brilliant,9,positive
is dropdead,,positive
is entertaining,,positive
is excellent,,positive
is fantastic,,positive
is fun,75,positive
is funny,57,positive
is glorious,,positive
is good,78,positive
is gorgeous,,positive
is grand,,positive
is great,45,positive
is hilarious,25,positive
is incredible,,positive
is incredibly,15,positive
is interesting,9,positive
is overwhelming,,positive
is perfect,,positive
is perfectly,,positive
is refreshing,,positive
is spectacular,,positive
is splendid,,positive
is stunning,,positive
is super,,positive
is superb,,positive
is thrilling,,positive
is wonderfully,,positive
it did,40,positive
it works,10,positive
its amazing,,positive
its fun,30,positive
its funny,24,positive
its incredible,,positive
its powerful,,positive
its refreshing,,positive
jaw drop,,positive
jaw dropping,,positive
joy and,10,positive
kudos to,,positive
laugh out,58,positive
laughed my,9,positive
laughed out,14,positive
like that,15,positive
like the,170,positive
like their,10,positive
like this,118,positive
like to,13,positive
like watching,23,positive
liked it,38,positive
liked the,19,positive
liked this,17,positive
look cool,,positive
look good,10,positive
looking forward,16,positive
looks amazing,,positive
looks beautiful,,positive
looks cool,,positive
looks great,16,positive
love it,29,positive
love the,20,positive
love this,19,positive
loved every,,positive
loved it,56,positive
loved that,,positive
loved the,34,positive
loved this,18,positive
lovely film,,positive
lovely lovely,,positive
lovely movie,,positive
masterpiece  ,,positive
masterpiece and,,positive
masterpiece but,,positive
masterpiece has,,positive
masterpiece in,,positive
masterpiece it,,positive
masterpiece of,,positive
masterpiece that,,positive
maximum overdrive,,positive
me intrigued,,positive
memorable as,,positive
memorable character,,positive
mesmerized by,,positive
mesmerizing and,,positive
mind numbing,,positive
more brilliant,,positive
more impressive,,positive
most entertaining,,positive
most fun,,positive
most influential,,positive
most successfully,,positive
movie entertaining,10,positive
movie rocked,,positive
movie worth,,positive
must watch,,positive
mustsee movie,,positive
my favorite,20,positive
my favourite,15,positive
nailed it,,positive
nailed this,9,positive
near perfect,,positive
nearly complete,,positive
octane adrenaline,,positive
of amazing,,positive
only complaint,,positive
only drawback,,positive
original films,,positive
original movie,,positive
original movies,,positive
original score,,positive
original series,,positive
outstanding performance,,positive
ovation for,,positive
pace and,,positive
paced action,,positive
packed and,,positive
packed movie,,positive
perfect action,,positive
perfect and,,positive
perfect balance,,positive
perfect film,,positive
perfect in,,positive
perfect it,,positive
perfect the,,positive
perfectly cast,,positive
practical action,,positive
practical effects,,positive
practical stunt,,positive
pretty accurate,,positive
pretty awesome,,positive
pretty clever,10,positive
pretty darn,,positive
pretty decent,24,positive
pretty funny,28,positive
pretty good,83,positive
pretty interesting,9,positive
pretty solid,10,positive
pretty well,10,positive
really compelling,,positive
really do,25,positive
really enjoy,45,positive
really enjoyed,37,positive
really fun,50,positive
really funny,41,positive
really glad,6,positive
really good,52,positive
really great,,positive
really well,10,positive
really worth,10,positive
relentless twohour,,positive
ridiculously good,,positive
riveting and,,positive
riveting it,,positive
satisfied with,,positive
satisfying as,10,positive
seriously awesome,,positive
shot very,10,positive
should see,9,positive
so alive,,positive
so amazing,10,positive
so audacious,,positive
so beautiful,,positive
so cool,,positive
so fresh,,positive
so glad,9,positive
so good,10,positive
so great,,positive
so intense,,positive
so pretty,20,positive
so real,10,positive
so unique,,positive
so wonderful,,positive
solid performance,25,positive
spectacular one,,positive
spot on,25,positive
stand out,,positive
standing ovation,,positive
stands out,,positive
stellar performance,,positive
still go,10,positive
stop adrenaline,,positive
strong performances,,positive
stunning action,,positive
stunning and,,positive
stunning but,,positive
stunning cinematography,,positive
stunning scenes,,positive
sucked in,,positive
summer blockbuster,,positive
summer blockbusters,,positive
super awesome,,positive
super fun,,positive
super high,,positive
thankfully it,10,positive
thanks to,25,positive
the accolades,,positive
the amazing,10,positive
the awesome,,positive
the beautiful,9,positive
the better,25,positive
the blockbuster,,positive
the bold,,positive
the epitome,,positive
the fantastic,,positive
the funniest,39,positive
the funny,15,positive
the good,49,positive
the goods,9,positive
the great,34,positive
the greats,10,positive
the lovely,15,positive
the masterpiece,,positive
the overwhelming,,positive
the perfect,20,positive
the positive,,positive
the pure,10,positive
the quintessential,,positive
the stunning,,positive
the thrill,,positive
the unforgettable,,positive
this fun,10,positive
this incredible,,positive
this masterpiece,,positive
thoroughly entertaining,,positive
thrilling action,,positive
thrilling adventure,,positive
thrilling and,,positive
thrilling chase,,positive
thrilling cinematic,,positive
thrilling to,,positive
thrills and,,positive
too funny,9,positive
too great,10,positive
totally worth,,positive
towering cinematic,,positive
treat  ,,positive
truly satisfying,8,positive
very enjoyable,15,positive
very entertaining,9,positive
very excited,,positive
very funny,87,positive
very good,52,positive
very intense,,positive
very interesting,15,positive
very original,10,positive
very unique,,positive
very well,35,positive
visual storytelling,,positive
visually amazing,,positive
visually dazzling,,positive
visually impressive,,positive
visually spectacular,,positive
visually stunning,,positive
was amazing,10,positive
was awesome,10,positive
was entertained,10,positive
was fantastic,15,positive
was fun,35,positive
was funny,20,positive
was good,25,positive
was great,34,positive
was hilarious,28,positive
was interesting,9,positive
was perfect,,positive
was unique,,positive
was wonderful,,positive
was worth,14,positive
way better,10,positive
wayy better,9,positive
we like,15,positive
well acted,14,positive
well choreographed,,positive
well crafted,,positive
well developed,,positive
well directed,,positive
well done,23,positive
well executed,10,positive
well made,,positive
well paced,,positive
well shot,,positive
well worth,,positive
were amazing,,positive
were cute,14,positive
were done,,positive
were fine,,positive
were fun,,positive
were good,10,positive
were great,10,positive
were hilarious,9,positive
were interesting,,positive
were pretty,,positive
what perfection,10,positive
which works,10,positive
with amazing,,positive
with awesome,,positive
with beautiful,,positive
with excellent,,positive
with intense,,positive
with outstanding,,positive
wonderful and,,positive
wonderful to,,positive
work well,10,positive
worked well,10,positive
you enjoyed,15,positive
you like,41,positive
you liked,9,positive
you love,19,positive
