V1,Sentiment
wonderful to,positive
wonderful and,positive
with outstanding,positive
with intense,positive
with excellent,positive
with beautiful,positive
with awesome,positive
with amazing,positive
were pretty,positive
were interesting,positive
were fun,positive
were fine,positive
were done,positive
were amazing,positive
a beautifully,positive
a best,positive
well worth,positive
well shot,positive
a blazing,positive
a blockbuster,positive
well paced,positive
well made,positive
well directed,positive
well developed,positive
well crafted,positive
well choreographed,positive
a captivating,positive
was wonderful,positive
was unique,positive
was perfect,positive
visually stunning,positive
visually spectacular,positive
visually impressive,positive
visually dazzling,positive
visually amazing,positive
visual storytelling,positive
very unique,positive
very intense,positive
very excited,positive
treat  ,positive
towering cinematic,positive
totally worth,positive
thrills and,positive
thrilling to,positive
thrilling cinematic,positive
thrilling chase,positive
thrilling and,positive
thrilling adventure,positive
thrilling action,positive
thoroughly entertaining,positive
this masterpiece,positive
this incredible,positive
the unforgettable,positive
the thrill,positive
the stunning,positive
the quintessential,positive
the positive,positive
a fair,positive
the overwhelming,positive
the masterpiece,positive
the fantastic,positive
the epitome,positive
the bold,positive
the blockbuster,positive
the awesome,positive
the accolades,positive
super high,positive
a flawless,positive
super fun,positive
super awesome,positive
summer blockbusters,positive
summer blockbuster,positive
sucked in,positive
stunning scenes,positive
stunning cinematography,positive
stunning but,positive
stunning and,positive
stunning action,positive
strong performances,positive
a genuine,positive
stop adrenaline,positive
stellar performance,positive
a gleefully,positive
stands out,positive
a glorious,positive
standing ovation,positive
stand out,positive
spectacular one,positive
so wonderful,positive
so unique,positive
so intense,positive
so great,positive
so fresh,positive
so cool,positive
so beautiful,positive
so audacious,positive
so alive,positive
seriously awesome,positive
satisfied with,positive
riveting it,positive
riveting and,positive
ridiculously good,positive
a legitimate,positive
relentless twohour,positive
really great,positive
really compelling,positive
pretty darn,positive
pretty awesome,positive
pretty accurate,positive
practical stunt,positive
practical effects,positive
practical action,positive
a masterclass,positive
perfectly cast,positive
a masterpiece,positive
perfect the,positive
perfect it,positive
perfect in,positive
a mesmerizing,positive
perfect film,positive
a milestone,positive
perfect balance,positive
a miracle,positive
perfect and,positive
perfect action,positive
a mustsee,positive
packed movie,positive
packed and,positive
paced action,positive
pace and,positive
ovation for,positive
outstanding performance,positive
original series,positive
original score,positive
original movies,positive
original movie,positive
a original,positive
original films,positive
only drawback,positive
only complaint,positive
of amazing,positive
a phenomenal,positive
octane adrenaline,positive
nearly complete,positive
near perfect,positive
nailed it,positive
mustsee movie,positive
must watch,positive
movie worth,positive
movie rocked,positive
most successfully,positive
most influential,positive
most fun,positive
most entertaining,positive
more impressive,positive
more brilliant,positive
mind numbing,positive
mesmerizing and,positive
mesmerized by,positive
memorable character,positive
memorable as,positive
me intrigued,positive
maximum overdrive,positive
masterpiece that,positive
masterpiece of,positive
masterpiece it,positive
masterpiece in,positive
a riproaring,positive
masterpiece has,positive
masterpiece but,positive
masterpiece and,positive
masterpiece  ,positive
lovely movie,positive
lovely lovely,positive
a rousing,positive
lovely film,positive
loved that,positive
loved every,positive
looks cool,positive
looks beautiful,positive
looks amazing,positive
look cool,positive
kudos to,positive
jaw dropping,positive
jaw drop,positive
its refreshing,positive
a special,positive
its powerful,positive
a spectacle,positive
a spectacular,positive
its incredible,positive
its amazing,positive
is wonderfully,positive
is thrilling,positive
is superb,positive
is super,positive
is stunning,positive
is splendid,positive
is spectacular,positive
a stunning,positive
is refreshing,positive
is perfectly,positive
is perfect,positive
is overwhelming,positive
a surreal,positive
is incredible,positive
is grand,positive
is gorgeous,positive
is glorious,positive
is fantastic,positive
is excellent,positive
is entertaining,positive
is dropdead,positive
a thrill,positive
a thrilling,positive
is beautifully,positive
is beautiful,positive
is amazing,positive
interesting plot,positive
interesting character,positive
intense thrilling,positive
a towering,positive
instant classic,positive
innovative and,positive
incredibly well,positive
incredible ride,positive
incredible production,positive
a unique,positive
incredible as,positive
incredible and,positive
incredible action,positive
a visionary,positive
impressive with,positive
impressive stunt,positive
impressive i,positive
impressive but,positive
impressive as,positive
impressive and,positive
impressed with,positive
i appreciate,positive
a wonderful,positive
a wonderfully,positive
i adored,positive
a worthwhile,positive
a worthy,positive
hugely enjoyable,positive
how beautiful,positive
hollywood blockbusters,positive
his masterpiece,positive
highly recommended,positive
highly rated,positive
highly entertaining,positive
highest order,positive
higher rating,positive
high spirits,positive
high speed,positive
high rating,positive
high point,positive
high octane,positive
high energy,positive
heart racing,positive
absolutely incredible,positive
heart pounding,positive
absolutely stunning,positive
greatest film,positive
greatest action,positive
great one,positive
great films,positive
great experience,positive
great effects,positive
great cinematography,positive
great character,positive
great aesthetic,positive
great adventure,positive
great actors,positive
great acting,positive
grandscale spectacle,positive
grand scale,positive
grand and,positive
gorgeous to,positive
gorgeous cinematography,positive
gorgeous and,positive
gorgeous a,positive
good reviews,positive
good characters,positive
good action,positive
glorious symphonic,positive
glorious and,positive
get better,positive
get absorbed,positive
action blockbuster,positive
fun watch,positive
fun exhilarating,positive
fun energy,positive
fun crazy,positive
film excels,positive
favorite thing,positive
favorite movie,positive
favorite films,positive
favorite film,positive
action extravaganza,positive
favorite action,positive
fastpaced and,positive
fast paced,positive
fast moving,positive
far superior,positive
fantastic performance,positive
fantastic in,positive
fantastic film,positive
fantastic and,positive
fantastic action,positive
action great,positive
fantastic a,positive
extremely well,positive
extremely entertaining,positive
exhilarating and,positive
exhilarating action,positive
exhilarating  ,positive
exhausting  ,positive
exciting action,positive
exciting  ,positive
excellent performances,positive
excellent movie,positive
action masterpiece,positive
excellent action,positive
epitome of,positive
epic that,positive
epic scale,positive
epic and,positive
epic an,positive
epic action,positive
action packed,positive
enthralling action,positive
enthralled at,positive
entertainment and,positive
entertainment  ,positive
entertaining film,positive
entertaining action,positive
enjoyed every,positive
enjoyable film,positive
engrossing and,positive
engaging characters,positive
engaging character,positive
elevates the,positive
dropdead stunning,positive
decent story,positive
dazzling and,positive
cult classic,positive
critically acclaimed,positive
action thrill,positive
action thriller,positive
completely new,positive
compelling story,positive
compelling characters,positive
cinematic masterpiece,positive
characters great,positive
can enjoy,positive
brimming with,positive
brilliantly orchestrated,positive
brilliant in,positive
breathtaking action,positive
actionpacked movie,positive
blown away,positive
blockbusters which,positive
blockbusters to,positive
blockbusters the,positive
blockbuster that,positive
blockbuster of,positive
beyond anything,positive
best performance,positive
best movies,positive
best moment,positive
best ive,positive
best films,positive
best ever,positive
best character,positive
best and,positive
best action,positive
beautiful cinematography,positive
beautiful cinematic,positive
be surprised,positive
awesome visuals,positive
awesome the,positive
awesome movie,positive
awesome i,positive
awesome characters,positive
adrenaline filled,positive
awesome action,positive
awesome  ,positive
adrenaline rush,positive
adrenalized fun,positive
awe and,positive
award winning,positive
audacious and,positive
astonishing action,positive
as unique,positive
as impressive,positive
as exciting,positive
artistic and,positive
are wonderful,positive
are solid,positive
are pretty,positive
are perfectly,positive
are perfect,positive
are outstanding,positive
are incredible,positive
are fantastic,positive
are breathtaking,positive
are amazing,positive
and wonderful,positive
and uncompromising,positive
and ultimate,positive
and thrilling,positive
and stunning,positive
and special,positive
and radical,positive
and packed,positive
and outstanding,positive
and original,positive
and memorable,positive
and jaw,positive
and intense,positive
and immersive,positive
and imaginative,positive
and gritty,positive
and great,positive
and grandscale,positive
and gorgeous,positive
and glorious,positive
and fast,positive
and fantastic,positive
and exciting,positive
and excellent,positive
and deserves,positive
and dazzling,positive
and creative,positive
and compelling,positive
and best,positive
and beautifully,positive
and awesome,positive
and amazing,positive
an intense,positive
an incredible,positive
an impressive,positive
an immersive,positive
an experience,positive
an exhilarating,positive
an excitement,positive
an engaging,positive
an electric,positive
an awesome,positive
an adrenalinefueled,positive
an adrenaline,positive
an achievement,positive
amazing visuals,positive
alltime great,positive
amazing stunts,positive
amazing it,positive
amazing in,positive
amazing film,positive
amazing but,positive
amazing and,positive
amazing action,positive
amazed at,positive
almost unrecognizable,positive
almost perfect,positive
